[
   {
      "update": "Chandigarh:\n5 new confirmed cases\n2 new recoveries\n\nChhattisgarh:\n15 new confirmed cases\n25 new recoveries\n\nMadhya Pradesh:\n16 new confirmed cases\n17 new recoveries\n\nMizoram:\n288 new recoveries\n\n",
      "timestamp": 1633542661
   },
   {
      "update": "Punjab:\n30 new confirmed cases\n26 new recoveries\n1 new deaths\n\n",
      "timestamp": 1633544600
   },
   {
      "update": "Uttar Pradesh:\n9 new confirmed cases\n13 new recoveries\n\n",
      "timestamp": 1633545902
   },
   {
      "update": "Jharkhand:\n7 new confirmed cases\n8 new recoveries\n\nLakshadweep:\n1 new confirmed cases\n\n",
      "timestamp": 1633546602
   },
   {
      "update": "Ladakh:\n1 new confirmed cases\n4 new recoveries\n\n",
      "timestamp": 1633551759
   },
   {
      "update": "Ladakh:\n1 new deaths\n\n",
      "timestamp": 1633595069
   },
   {
      "update": "Meghalaya:\n94 new confirmed cases\n122 new recoveries\n1 new deaths\n\nMizoram:\n1302 new confirmed cases\n508 new recoveries\n7 new deaths\n\nOdisha:\n582 new confirmed cases\n7 new deaths\n\nPuducherry:\n64 new confirmed cases\n48 new recoveries\n\nTripura:\n7 new confirmed cases\n14 new recoveries\n\n",
      "timestamp": 1633609913
   },
   {
      "update": "Andaman and Nicobar Islands:\n2 new confirmed cases\n1 new recoveries\n\nChandigarh:\n16 new confirmed cases\n17 new recoveries\n\nGoa:\n60 new confirmed cases\n52 new recoveries\n1 new deaths\n\nHaryana:\n12 new confirmed cases\n12 new recoveries\n\n",
      "timestamp": 1633616388
   },
   {
      "update": "Andhra Pradesh:\n643 new confirmed cases\n839 new recoveries\n8 new deaths\n\nHimachal Pradesh:\n142 new confirmed cases\n211 new recoveries\n4 new deaths\n\nJammu and Kashmir:\n134 new confirmed cases\n109 new recoveries\n\nPunjab:\n23 new confirmed cases\n28 new recoveries\n\nSikkim:\n18 new confirmed cases\n34 new recoveries\n\nWest Bengal:\n771 new confirmed cases\n756 new recoveries\n13 new deaths\n\n",
      "timestamp": 1633617266
   },
   {
      "update": "Karnataka:\n442 new confirmed cases\n635 new recoveries\n7 new deaths\n\nMaharashtra:\n2681 new confirmed cases\n2413 new recoveries\n49 new deaths\n\nNagaland:\n24 new confirmed cases\n21 new recoveries\n1 new deaths\n\nOdisha:\n522 new recoveries\n\nRajasthan:\n2 new confirmed cases\n6 new recoveries\n\nTamil Nadu:\n1390 new confirmed cases\n1487 new recoveries\n27 new deaths\n\nTelangana:\n176 new confirmed cases\n216 new recoveries\n1 new deaths\n\n",
      "timestamp": 1633618274
   },
   {
      "update": "Gujarat:\n20 new confirmed cases\n22 new recoveries\n\nKerala:\n12288 new confirmed cases\n15808 new recoveries\n141 new deaths\n\nManipur:\n116 new confirmed cases\n140 new recoveries\n1 new deaths\n\n",
      "timestamp": 1633620072
   },
   {
      "update": "Madhya Pradesh:\n4 new confirmed cases\n11 new recoveries\n\n",
      "timestamp": 1633620991
   },
   {
      "update": "Delhi:\n44 new confirmed cases\n15 new recoveries\n\nJharkhand:\n27 new confirmed cases\n9 new recoveries\n\n",
      "timestamp": 1633630985
   },
   {
      "update": "Arunachal Pradesh:\n32 new confirmed cases\n38 new recoveries\n\nAssam:\n295 new confirmed cases\n\n",
      "timestamp": 1633632892
   },
   {
      "update": "Assam:\n388 new recoveries\n8 new deaths\n\nBihar:\n4 new confirmed cases\n1 new recoveries\n\nChhattisgarh:\n24 new confirmed cases\n19 new recoveries\n\nMizoram:\n427 new recoveries\n\nUttar Pradesh:\n15 new confirmed cases\n12 new recoveries\n\nUttarakhand:\n8 new confirmed cases\n14 new recoveries\n\n",
      "timestamp": 1633634239
   },
   {
      "update": "Ladakh:\n12 new confirmed cases\n4 new recoveries\n\n",
      "timestamp": 1633671185
   },
   {
      "update": "Meghalaya:\n121 new confirmed cases\n74 new recoveries\n2 new deaths\n\nOdisha:\n524 new confirmed cases\n4 new deaths\n\nTripura:\n12 new confirmed cases\n17 new recoveries\n\n",
      "timestamp": 1633692891
   },
   {
      "update": "Mizoram:\n1080 new confirmed cases\n\nPuducherry:\n87 new confirmed cases\n95 new recoveries\n1 new deaths\n\n",
      "timestamp": 1633693841
   },
   {
      "update": "Andhra Pradesh:\n693 new confirmed cases\n927 new recoveries\n6 new deaths\n\nDelhi:\n39 new confirmed cases\n23 new recoveries\n\nGoa:\n56 new confirmed cases\n85 new recoveries\n2 new deaths\n\nJammu and Kashmir:\n100 new confirmed cases\n91 new recoveries\n\nKarnataka:\n397 new confirmed cases\n603 new recoveries\n5 new deaths\n\nManipur:\n128 new confirmed cases\n191 new recoveries\n6 new deaths\n\nMizoram:\n712 new recoveries\n2 new deaths\n\nOdisha:\n598 new recoveries\n\nSikkim:\n33 new confirmed cases\n74 new recoveries\n\nTelangana:\n201 new confirmed cases\n220 new recoveries\n1 new deaths\n\nWest Bengal:\n784 new confirmed cases\n746 new recoveries\n6 new deaths\n\n",
      "timestamp": 1633700387
   },
   {
      "update": "Himachal Pradesh:\n193 new confirmed cases\n193 new recoveries\n2 new deaths\n\nMaharashtra:\n2620 new confirmed cases\n2943 new recoveries\n59 new deaths\n\nNagaland:\n13 new confirmed cases\n34 new recoveries\n1 new deaths\n\nTamil Nadu:\n1359 new confirmed cases\n1473 new recoveries\n20 new deaths\n\n",
      "timestamp": 1633702795
   },
   {
      "update": "Madhya Pradesh:\n6 new confirmed cases\n9 new recoveries\n\n",
      "timestamp": 1633704746
   },
   {
      "update": "Kerala:\n10944 new confirmed cases\n12922 new recoveries\n120 new deaths\n\nRajasthan:\n5 new confirmed cases\n12 new recoveries\n\n",
      "timestamp": 1633706544
   },
   {
      "update": "Bihar:\n4 new confirmed cases\n2 new recoveries\n\n",
      "timestamp": 1633707720
   },
   {
      "update": "Gujarat:\n19 new confirmed cases\n22 new recoveries\n\n",
      "timestamp": 1633708496
   },
   {
      "update": "Andaman and Nicobar Islands:\n1 new recoveries\n\nArunachal Pradesh:\n21 new confirmed cases\n50 new recoveries\n1 new deaths\n\nGujarat:\n1 new deaths\n\nPunjab:\n16 new confirmed cases\n36 new recoveries\n3 new deaths\n\n",
      "timestamp": 1633710618
   },
   {
      "update": "Chhattisgarh:\n21 new confirmed cases\n24 new recoveries\n1 new deaths\n\nUttar Pradesh:\n11 new confirmed cases\n18 new recoveries\n\n",
      "timestamp": 1633712876
   },
   {
      "update": "Uttarakhand:\n19 new confirmed cases\n9 new recoveries\n\n",
      "timestamp": 1633714915
   },
   {
      "update": "Assam:\n318 new confirmed cases\n343 new recoveries\n5 new deaths\n\nHaryana:\n14 new confirmed cases\n8 new recoveries\n\nMizoram:\n498 new recoveries\n\n",
      "timestamp": 1633718598
   },
   {
      "update": "Jharkhand:\n20 new confirmed cases\n9 new recoveries\n\n",
      "timestamp": 1633720720
   },
   {
      "update": "Ladakh:\n5 new confirmed cases\n2 new recoveries\n\n",
      "timestamp": 1633750675
   },
   {
      "update": "Chandigarh:\n5 new confirmed cases\n2 new recoveries\n\n",
      "timestamp": 1633751534
   },
   {
      "update": "Meghalaya:\n81 new confirmed cases\n182 new recoveries\n2 new deaths\n\nMizoram:\n950 new confirmed cases\n1 new deaths\n\nOdisha:\n526 new confirmed cases\n4 new deaths\n\nPuducherry:\n84 new confirmed cases\n92 new recoveries\n1 new deaths\n\nTripura:\n14 new confirmed cases\n19 new recoveries\n1 new deaths\n\n",
      "timestamp": 1633774879
   },
   {
      "update": "Mizoram:\n1256 new recoveries\n\n",
      "timestamp": 1633786597
   },
   {
      "update": "Andhra Pradesh:\n629 new confirmed cases\n797 new recoveries\n8 new deaths\n\nChandigarh:\n4 new confirmed cases\n5 new recoveries\n\nKerala:\n9470 new confirmed cases\n12881 new recoveries\n101 new deaths\n\nManipur:\n147 new confirmed cases\n114 new recoveries\n\n",
      "timestamp": 1633787460
   },
   {
      "update": "Delhi:\n30 new confirmed cases\n52 new recoveries\n\nHimachal Pradesh:\n138 new confirmed cases\n166 new recoveries\n3 new deaths\n\nJammu and Kashmir:\n82 new confirmed cases\n81 new recoveries\n\nKarnataka:\n451 new confirmed cases\n1455 new recoveries\n9 new deaths\n\nNagaland:\n31 new confirmed cases\n35 new recoveries\n2 new deaths\n\nOdisha:\n597 new recoveries\n\nRajasthan:\n1 new confirmed cases\n4 new recoveries\n\nTamil Nadu:\n1344 new confirmed cases\n1457 new recoveries\n14 new deaths\n\n",
      "timestamp": 1633789169
   },
   {
      "update": "Bihar:\n4 new confirmed cases\n1 new recoveries\n\nGoa:\n60 new confirmed cases\n74 new recoveries\n1 new deaths\n\nMaharashtra:\n2486 new confirmed cases\n2446 new recoveries\n44 new deaths\n\nSikkim:\n18 new confirmed cases\n65 new recoveries\n\n",
      "timestamp": 1633789990
   },
   {
      "update": "Andaman and Nicobar Islands:\n3 new confirmed cases\n2 new recoveries\n\n",
      "timestamp": 1633791096
   },
   {
      "update": "Lakshadweep:\n1 new confirmed cases\n\n",
      "timestamp": 1633793984
   },
   {
      "update": "Chhattisgarh:\n26 new confirmed cases\n21 new recoveries\n1 new deaths\n\nGujarat:\n24 new confirmed cases\n17 new recoveries\n1 new deaths\n\nUttarakhand:\n17 new confirmed cases\n8 new recoveries\n\n",
      "timestamp": 1633794802
   },
   {
      "update": "Arunachal Pradesh:\n16 new confirmed cases\n120 new recoveries\n\nAssam:\n273 new confirmed cases\n345 new recoveries\n5 new deaths\n\nPunjab:\n28 new confirmed cases\n33 new recoveries\n\nTelangana:\n190 new confirmed cases\n245 new recoveries\n2 new deaths\n\nWest Bengal:\n776 new confirmed cases\n755 new recoveries\n12 new deaths\n\n",
      "timestamp": 1633796888
   },
   {
      "update": "Haryana:\n9 new confirmed cases\n7 new recoveries\n\nMadhya Pradesh:\n8 new confirmed cases\n11 new recoveries\n1 new deaths\n\nMizoram:\n233 new recoveries\n\n",
      "timestamp": 1633801155
   },
   {
      "update": "Jharkhand:\n9 new confirmed cases\n13 new recoveries\n\n",
      "timestamp": 1633809076
   },
   {
      "update": "Ladakh:\n1 new confirmed cases\n6 new recoveries\n\nUttar Pradesh:\n10 new confirmed cases\n17 new recoveries\n\n",
      "timestamp": 1633850408
   },
   {
      "update": "Meghalaya:\n59 new confirmed cases\n126 new recoveries\n4 new deaths\n\nMizoram:\n1170 new confirmed cases\n2 new deaths\n\nOdisha:\n652 new confirmed cases\n7 new deaths\n\nPuducherry:\n76 new confirmed cases\n55 new recoveries\n\nTripura:\n19 new confirmed cases\n21 new recoveries\n\n",
      "timestamp": 1633855213
   },
   {
      "update": "Andhra Pradesh:\n624 new confirmed cases\n810 new recoveries\n4 new deaths\n\nKarnataka:\n406 new confirmed cases\n637 new recoveries\n10 new deaths\n\n",
      "timestamp": 1633873871
   },
   {
      "update": "Delhi:\n29 new confirmed cases\n58 new recoveries\n1 new deaths\n\nGoa:\n73 new confirmed cases\n93 new recoveries\n3 new deaths\n\nHaryana:\n9 new confirmed cases\n17 new recoveries\n\nJammu and Kashmir:\n99 new confirmed cases\n108 new recoveries\n\nMaharashtra:\n2294 new confirmed cases\n1823 new recoveries\n28 new deaths\n\nManipur:\n150 new confirmed cases\n134 new recoveries\n3 new deaths\n\nMizoram:\n965 new recoveries\n7 new deaths\n\nNagaland:\n8 new confirmed cases\n25 new recoveries\n\nRajasthan:\n4 new confirmed cases\n2 new recoveries\n\nTelangana:\n162 new confirmed cases\n214 new recoveries\n1 new deaths\n\nWest Bengal:\n760 new confirmed cases\n734 new recoveries\n11 new deaths\n\n",
      "timestamp": 1633875502
   },
   {
      "update": "Chandigarh:\n2 new confirmed cases\n6 new recoveries\n\nUttar Pradesh:\n16 new confirmed cases\n13 new recoveries\n\n",
      "timestamp": 1633876394
   },
   {
      "update": "Andaman and Nicobar Islands:\n1 new confirmed cases\n2 new recoveries\n\nKerala:\n10691 new confirmed cases\n12655 new recoveries\n85 new deaths\n\nOdisha:\n438 new recoveries\n\nSikkim:\n13 new confirmed cases\n23 new recoveries\n\n",
      "timestamp": 1633880390
   },
   {
      "update": "Bihar:\n9 new confirmed cases\n11 new recoveries\n\nChhattisgarh:\n19 new confirmed cases\n29 new recoveries\n\nGujarat:\n18 new confirmed cases\n17 new recoveries\n\nHimachal Pradesh:\n87 new confirmed cases\n108 new recoveries\n5 new deaths\n\nMadhya Pradesh:\n7 new confirmed cases\n11 new recoveries\n\nTamil Nadu:\n1329 new confirmed cases\n1436 new recoveries\n15 new deaths\n\nUttarakhand:\n6 new confirmed cases\n7 new recoveries\n\n",
      "timestamp": 1633883273
   },
   {
      "update": "Arunachal Pradesh:\n19 new confirmed cases\n38 new recoveries\n\nAssam:\n160 new confirmed cases\n240 new recoveries\n5 new deaths\n\nJharkhand:\n9 new confirmed cases\n9 new recoveries\n\nMizoram:\n673 new recoveries\n\nPunjab:\n27 new confirmed cases\n22 new recoveries\n2 new deaths\n\n",
      "timestamp": 1633890182
   }
]